path,sentence,age,gender,mfcc_0,mfcc_1,mfcc_2,mfcc_3,mfcc_4,mfcc_5,mfcc_6,mfcc_7,mfcc_8,mfcc_9,mfcc_10,mfcc_11,mfcc_12,mfcc_13,mfcc_14,mfcc_15,mfcc_16,mfcc_17,mfcc_18,mfcc_19,mfcc_20,mfcc_21,mfcc_22,mfcc_23,mfcc_24,mfcc_25,mfcc_26,mfcc_27,mfcc_28,mfcc_29,mfcc_30,mfcc_31,mfcc_32,mfcc_33,mfcc_34,mfcc_35,mfcc_36,mfcc_37,mfcc_38,mfcc_39
common_voice_fr_17323684.mp3,Puis me regardant d'un air peu sympathique,fifties,female_feminine,-399.4081,60.331696,-7.0583553,12.739981,6.696194,-4.4136524,-4.0057487,-7.2100573,-4.9089985,-11.044767,-7.026858,-0.2529679,-9.714985,-8.564652,-4.9714866,-6.569559,-2.6539016,-3.747546,-5.0358377,-3.8137977,-4.9820533,-2.9299486,-0.27592397,0.90963167,0.03276178,-1.1131088,0.9782847,-1.0039333,-3.0202677,-0.16198365,0.4062719,0.79266,0.85286415,0.87522954,2.9039438,1.1211665,-0.5002179,0.9933607,1.6767318,2.5572476
common_voice_fr_19737278.mp3,Ronit est une jeune femme indépendante qui travaille comme photographe aux États-Unis.,fifties,female_feminine,-745.0779,112.03728,56.562534,31.53798,14.042466,5.6464586,7.9743934,3.2496789,-0.18068625,1.014713,-0.5258372,0.35931522,-0.9065275,-5.619149,-4.7882433,-1.4092017,1.5109591,4.275716,3.0731509,1.6945618,1.7515932,-1.1483871,-4.082048,-5.2202115,-4.678388,-1.2918477,1.7727422,2.240359,1.1653829,-1.4601426,-2.8296113,-1.185242,0.85034716,2.1660311,2.1323526,1.3169237,0.993674,0.38364023,-0.84047765,-1.1238171
common_voice_fr_22078126.mp3,cinq,fifties,female_feminine,-595.8582,35.030716,1.9274212,-5.556167,-1.1552981,1.7364657,2.5066245,0.7465889,-0.74028844,-2.3098998,-3.1382568,0.050246898,0.069761045,-3.5965862,-3.8509972,-2.97836,-2.8849092,-1.8476108,-2.506232,-4.079052,-2.66633,-1.3456419,-1.4395189,-1.4038008,-1.6847153,-2.2814736,-2.1871772,-0.63151073,0.5482753,-0.8201595,-2.2483983,-0.5447738,0.84700704,0.04704681,-0.042226616,0.7739007,0.5735887,-0.21028413,0.45952266,1.3493115
common_voice_fr_22078130.mp3,non,fifties,female_feminine,-583.12836,25.598867,5.11977,0.64888537,1.040295,-2.285486,-2.013487,1.0146042,0.39420864,-1.8282934,-1.8921648,-1.3686882,-1.670555,-1.296099,-0.9827504,-1.9556835,-2.4335947,-2.1848314,-2.8253791,-3.3090167,-2.7219386,-1.7020528,-0.4420263,-0.37853593,-1.6391664,-1.8472378,-0.9305813,-0.6684967,-0.93016934,-0.95486796,-0.48707017,-0.021571342,0.0115451105,0.37027186,0.6054293,0.1692339,0.103684545,0.14866528,-0.25501162,0.26445395
common_voice_fr_22765327.mp3,La technique des statues de terre cuite témoigne du talent des coroplathes.,fifties,female_feminine,-488.45047,75.01084,5.1956515,6.2160077,17.093199,8.342692,-16.20144,-5.3879566,-8.663073,-9.142164,-10.51671,-11.083051,-9.254252,-4.3133125,0.3744326,-5.46796,-3.7309842,-3.9626672,-5.650298,-5.8583865,1.2297951,-5.886237,-7.0003047,-0.35083777,-5.086131,-4.676045,-4.846278,-2.9811962,-1.6939714,-1.4330887,-2.175593,-0.9914381,-2.4593823,0.057208333,1.7761549,-2.7837524,1.340361,2.4174163,3.6868348,4.579486
common_voice_fr_22765328.mp3,Le chœur est décoré d'une fresque de Jean Bernard.,fifties,female_feminine,-455.00403,84.69417,-2.796694,-3.910755,14.016258,14.970643,-15.738946,0.35375795,-10.330685,-8.289685,-12.350338,-5.6825066,-9.134653,-6.2159433,0.4330205,-6.7355447,-1.2792971,-4.839502,-2.8222597,-8.573855,3.778885,-8.185613,-7.951355,2.4081192,-6.311196,-1.5457416,-5.9204493,-3.6454983,-2.668132,-2.1507087,-4.0732393,-0.73295623,-2.9067936,-0.7049422,1.0605582,-4.5418243,1.7553889,-1.3562944,1.4517789,3.1230211
common_voice_fr_17362525.mp3,la sienne.,fifties,female_feminine,-503.1119,78.94593,9.133872,26.715424,-5.9497247,12.348107,-11.052766,-2.2718008,-15.325986,-9.674208,4.553343,-4.643126,-2.5236874,-9.369101,-6.5503345,-3.8832777,1.0073564,-7.2474446,-8.640869,-7.5506463,-4.252738,-2.22582,-5.5648003,-2.435597,-6.196989,-1.7742834,0.77444965,-0.8409167,-0.8181663,-0.6429287,0.36789933,1.6592435,-0.576294,-0.50782275,2.5904405,1.2773385,2.9554722,1.5034567,-0.291185,0.4943312
common_voice_fr_17362526.mp3,"Quelque vite qu'il puisse courir, il est trop tard.",fifties,female_feminine,-492.38422,82.78464,3.0288134,24.391993,12.669657,2.6406908,-13.935348,6.226035,-6.22041,-12.022532,-0.19538938,-11.473833,-8.11212,-5.452607,-7.469831,-5.864998,-1.3766038,-6.0172224,-6.936333,-5.80501,-4.473045,-5.7226233,-6.432864,-1.6378957,-5.976574,-3.0400186,-0.9760089,-2.100633,2.2576206,2.5331695,0.53578645,1.3180021,0.5835483,-2.052537,0.24994448,1.7081757,1.1265086,-0.14843628,0.3882906,1.4604189
common_voice_fr_17362527.mp3,Je prendrai la même chose.,fifties,female_feminine,-496.8696,97.54099,15.328316,22.67819,2.6136513,6.60167,-7.588914,12.036237,-6.2512903,-11.620228,2.6184838,-5.8426776,-3.6116877,-9.043157,-9.417207,-6.031548,-3.2807105,-7.0612893,-5.842837,-7.0357056,-6.5640216,-4.3646994,-5.4980507,-4.8756204,-8.464095,-3.960022,-3.947247,-4.8566594,-1.5739313,-3.2441468,-4.497325,-0.71745145,-0.45442584,-3.2950158,1.1559643,3.004418,2.838035,3.7419646,3.1190727,4.125071
common_voice_fr_38580550.mp3,"Pendant ce temps, pas de choses changent au château.",fifties,female_feminine,-399.91476,93.1845,-24.168303,20.113548,-20.001709,-11.653777,3.3214257,-14.857218,0.58172077,-12.3718,-9.671021,-2.5659244,-12.023105,-1.2038221,-6.2112927,-4.169119,0.715038,-8.496137,-4.0280385,-3.7222066,-2.0821166,-1.9680113,-6.058671,-1.8561753,-4.9549537,-2.393353,0.5936904,-3.1742244,0.95298755,-0.07982921,-1.0694059,-0.22974022,-2.410159,-0.2799169,-0.1568802,0.6750393,1.5118815,1.2177284,2.8976076,2.3692484
common_voice_fr_23819902.mp3,Les Pays-Bas ont remporté toutes les éditions.,fifties,male_masculine,-412.3624,83.46327,2.280938,21.586777,7.8112984,-7.5298686,-4.2915273,-10.992073,-9.526289,-4.272308,-8.668819,-8.78821,-7.224407,-9.7824,-6.466661,-1.9758102,-7.4943404,-8.666167,-0.5671365,-3.4513595,-7.1537356,-4.667376,-4.1554165,-0.88106614,1.8869208,4.8508058,9.373696,7.5194974,4.8321376,3.7906885,0.29619673,-0.054787785,0.43418053,-0.8405835,-1.3446172,-1.9320673,-0.89936006,0.34122962,-1.1731348,-0.91475517
common_voice_fr_18648580.mp3,Ça ne vaut rien.,fifties,male_masculine,-435.51215,86.96746,-17.700327,30.266077,3.254933,-1.8972244,22.968925,-4.479692,2.8125408,8.56923,-8.262792,5.5691423,4.819937,-6.9832296,-0.16824168,0.31978086,-3.175253,-0.8376493,-0.81789404,-2.352898,-1.4029459,-2.0209444,-0.17102697,1.4404794,-3.880595,-0.081969015,1.8720899,-5.6570306,0.150827,-1.343919,-8.090921,0.66650456,-2.908107,-5.1823883,2.2939153,-2.5690186,-0.33533815,1.0444427,-4.337211,0.0993778
common_voice_fr_19759723.mp3,"L’âge étant là, je n’ai plus la force de me battre.",fifties,male_masculine,-83.93246,125.35123,-32.993706,48.928253,-29.343699,39.890923,-25.008085,25.604446,-16.18061,10.057931,-2.2479036,0.58387613,6.770947,-8.166844,5.0916343,-7.6974034,7.812421,-8.97263,9.034366,-7.893036,6.0931206,-3.3013442,-1.8693607,3.4901834,-4.383182,4.016323,-3.8184044,2.7342377,-4.896179,1.7251656,-7.0465865,-0.4975893,-6.432833,-4.8217154,-3.223546,-6.9876037,-1.9974535,-6.78275,-2.521726,-5.847998
common_voice_fr_22076424.mp3,non,fifties,male_masculine,-588.76215,52.671745,17.066475,9.067241,8.516294,5.5736423,-2.742115,3.7168634,1.4715164,-0.5752533,-6.981154,-8.351354,-7.935077,-8.655477,-7.036966,-6.2910233,-4.000623,-4.5655,-2.5449398,-2.9485629,-2.4300928,-2.5208056,-3.053145,-3.1907225,-2.6124177,-1.9618963,-1.2212623,-0.09587242,-0.64485395,-0.61413985,-1.3552945,-1.2329684,-1.4300947,-2.0691643,-2.920427,-2.571149,-1.8372818,-1.4397143,-1.6749059,-1.6851814
common_voice_fr_40535707.mp3,Chacun des quinze clubs participant au championnat était confronté deux fois aux quatorze autres.,fifties,male_masculine,-385.47885,126.06906,-24.38569,8.043402,16.299524,0.47690627,0.3813309,-10.969309,-9.446686,-4.69346,-2.0739605,-8.726075,-13.759964,-0.99673027,-7.5308523,-10.524486,3.51212,-5.9248586,-10.9937105,-0.9209395,-1.5304705,-5.576332,-5.683895,-2.081836,-3.1415691,-6.6207705,-2.9586933,-2.2120292,-2.8324704,-0.24780527,0.09442184,-0.35163608,-2.6061842,-2.9736433,-0.75764126,-0.526735,-0.7628625,-1.5621296,-1.0823578,-2.886382
common_voice_fr_40535709.mp3,Il expose de temps en temps au Salon de Paris.,fifties,male_masculine,-489.44717,119.02172,-13.83766,15.156794,10.823963,-7.882736,6.2508073,1.650349,-10.332961,-6.1933365,0.6070268,-10.737302,-12.319264,-0.18441884,-9.1505,-8.869396,3.0255618,-7.344213,-9.636841,0.055976693,-3.1487775,-6.52121,-3.7111115,-1.9098747,-4.3551664,-4.5121965,-1.6742262,-2.723016,-1.6920466,-0.7174255,-0.8204626,-0.05193406,-3.14004,-2.496074,0.3542073,-1.2623237,-2.3966625,-1.162948,-0.5598243,-3.5104916
common_voice_fr_19641843.mp3,Les Makololos se séparèrent.,fifties,male_masculine,-416.41302,105.96857,14.419985,25.68208,1.8667934,7.8780766,6.1038733,16.366825,3.3910527,-4.973234,0.75563914,-3.3665044,-3.4967043,-4.448326,-2.9378636,-5.6650443,-4.364168,-1.222772,1.1963761,-1.0369121,-5.482999,-5.572043,0.74462795,0.33482072,-4.3363676,-3.8704035,-2.2589562,-3.8738437,-5.5150223,-1.3100386,-3.0970771,-3.1935759,-3.2530968,-3.3880026,-3.3579085,-1.4894253,-0.37854585,-3.2454662,-0.57621914,-1.703536
common_voice_fr_19641845.mp3,Parallèlement renaît sa passion pour son ex-femme...,fifties,male_masculine,-381.69583,101.96591,4.651103,48.526028,10.992952,9.461033,1.361066,16.152325,4.2711444,-3.9252262,6.7679334,-2.94428,-1.0314811,-1.9919902,-3.2563248,-6.4041443,-2.477127,-2.982655,0.3787014,1.9059105,-9.895947,-5.623007,-0.08628372,-1.0634974,-2.7464657,-7.4668493,-4.7088385,-3.6275384,-5.0539618,-4.2069454,-3.9628234,-4.4593053,-4.9534855,-1.4802294,-5.111653,-3.2673478,-0.33050284,-2.9237292,-0.96231604,-2.0427818
common_voice_fr_17304991.mp3,Ce budget est vertueux.,fifties,male_masculine,-411.56693,91.65404,-5.914258,11.027516,26.036432,4.140562,0.79367256,-1.5503737,-8.39086,-6.0145097,-8.063507,-9.018662,-4.363011,-4.1712275,-4.093688,-4.5076733,-5.0871067,-0.6642993,-1.9019052,-6.722942,-2.2795267,2.0281365,-0.2626558,-2.2793822,-2.395123,-0.6037087,-0.76962113,-4.200016,-3.399987,-1.2623391,-2.6448193,-1.8979897,-0.61939657,-1.7894912,-1.1498748,-0.670044,-2.4457526,-2.762403,-1.4447623,-0.5247484
common_voice_fr_17304992.mp3,L’appliquer au premier euro peut être une bonne solution dans certains cas.,fifties,male_masculine,-379.36478,121.61919,2.5957177,6.3058887,20.632853,0.36525217,-0.8674124,2.0226426,-3.0103068,-5.288922,-11.988541,-12.058252,-2.1775455,-0.89530903,-5.651653,-6.633816,-4.4394565,-2.0536053,-4.1795835,-6.4123664,-3.2160892,-0.5376554,-1.2370172,-2.8822258,-3.0089152,-1.1611178,-2.283792,-3.8401637,-1.2122018,-1.6873733,-3.981592,-1.1719031,-0.19442296,-1.9272233,-0.32929766,-0.5667104,-3.483971,-2.835428,-0.6310476,-0.40941963
common_voice_fr_37429008.mp3,Elle est l'une des plus vastes villas gallo-romaines de la Gaule aquitaine.,thirties,female_feminine,-395.645,89.589325,-2.5034068,30.572752,6.542147,3.5120013,-9.344689,1.2024944,-6.0247955,-6.399567,-7.5513277,-12.821326,-1.9606531,-8.054853,0.30795452,-2.2652252,-12.963851,-5.696425,-1.1289562,-12.056559,-7.8033624,-4.054222,-11.043721,-5.991806,-5.760176,-2.6194103,-4.6054583,-5.912331,-3.0589018,-5.4528227,-5.110954,-6.7544184,-5.5952873,-3.742865,-2.3933759,-0.802096,-1.6214643,-1.4295113,-1.3806365,-0.80393296
common_voice_fr_20231106.mp3,Ce geste coûta cher au chef des Marcomans.,thirties,female_feminine,-460.00558,70.787575,3.5632763,18.476646,28.460123,21.013706,7.79383,10.354969,13.075103,9.975346,7.9914274,7.6103,6.476256,4.2427673,5.013938,4.642117,4.92386,3.961618,1.9407653,1.9521333,2.2006524,1.0915308,1.1648313,1.7489921,1.8924761,1.0939445,0.87591267,1.2120318,1.3623103,1.6564183,0.6977723,1.3991513,0.2805129,-0.5950081,0.73464847,1.3439015,0.833403,0.00732326,0.67495483,0.8028513
common_voice_fr_20231110.mp3,"Son chef-lieu est la ville d'Arequipa, qui est également la capitale de la région.",thirties,female_feminine,-431.75174,84.36744,1.608852,16.246069,38.090137,19.656416,-1.5133569,6.562539,11.631886,8.068222,7.9189305,5.7114477,2.6043203,1.7717597,2.756537,4.2486587,5.293583,4.212163,0.7634259,0.27170223,2.853775,1.3109471,1.4417295,1.6154512,0.29595152,-0.02868325,-0.032902174,1.0732679,1.3394479,1.2672325,0.53750795,1.5085015,0.8206813,-1.3358101,-0.5189158,1.2142876,0.76890963,-0.8127525,0.62012905,1.9264439
common_voice_fr_19717880.mp3,"Néanmoins, il refusa l'offre de revenir en Angleterre.",thirties,female_feminine,-454.57007,72.81111,7.3442907,3.771034,6.778363,3.237541,-8.649442,-6.242419,-3.4224794,2.0390704,-0.64017946,-6.719731,-8.334153,-9.319113,-10.940664,-5.4512587,1.9691447,-3.142412,-3.5767918,-6.33898,-3.8933673,-0.7815499,-2.477596,-1.6235255,-2.9613597,-2.2734435,-1.922151,-1.3517225,-2.6246047,0.20411521,0.71076316,-1.4261794,-1.0011878,-0.441157,-0.41159797,-3.1177003,-0.791736,-0.7203326,-1.4879042,-1.1063553
common_voice_fr_19717886.mp3,Il abrite également un troupeau de daims sauvages.,thirties,female_feminine,-386.9798,103.30811,-0.7430458,13.516845,12.9742775,7.6582093,-11.9322,-9.113485,-7.1221566,2.685892,0.40045512,-12.482585,-9.969692,-7.111977,-14.366464,-8.888589,3.406853,-5.8277626,-4.3201985,-8.042331,-5.431157,-0.9639664,-2.9402182,-1.208347,-3.8529687,-1.1594445,-4.287505,-2.1104724,-4.0952873,-2.8799155,-0.16643226,-4.7378707,-3.686721,-2.6459668,1.1891737,-2.3253841,-0.61701286,2.224353,-0.9043284,0.81426483
common_voice_fr_17553482.mp3,"La parole est toujours à Madame Chantal Berthelot, pour les soutenir.",thirties,female_feminine,-517.3165,97.46098,6.9663167,-14.226181,3.9304297,-2.814115,-18.353151,-14.053604,-8.461918,-12.026096,-9.444439,-3.4480507,-5.4843817,-7.0241575,-2.979571,-3.3798969,-6.5019984,-3.347128,-0.5256962,-3.8661954,-4.358006,-0.6141831,-1.8939315,-5.095451,-2.0845635,1.0137193,-1.5807472,-2.5034535,0.903928,1.3213432,-1.0689049,0.012096946,2.4098012,1.3745086,-0.23141973,0.557872,1.211883,0.54095674,0.28042537,0.25390586
common_voice_fr_17553483.mp3,Elle vit Marcelin évanoui.,thirties,female_feminine,-556.73773,84.36887,7.180866,-8.808001,7.518055,-0.9111467,-16.999182,-12.826764,-5.802342,-8.0824175,-6.891492,-2.863594,-4.8235993,-5.738231,-2.0101583,-2.7945962,-6.420687,-4.2880397,-1.4823734,-3.5923212,-3.8463483,-0.718404,-1.2099721,-3.5066283,-2.1605349,-1.1217525,-2.798714,-1.8137455,1.3521476,0.9732583,-0.63014513,1.2232091,3.165444,1.9030643,0.414461,0.25484422,-0.079141416,0.08208237,1.275331,1.6728241
common_voice_fr_17553484.mp3,Qui les commandait ? Boishardy.,thirties,female_feminine,-513.6348,67.1659,3.6484892,-10.316191,1.3551569,-5.912388,-16.140894,-8.94611,-2.4097447,-5.9777145,-6.17149,-2.819575,-4.2094727,-4.9601464,-2.1634283,-3.1685965,-5.825553,-3.148958,-0.57811433,-2.8003786,-3.1815145,-0.61329347,-1.4805293,-3.5719032,-1.9529688,-0.698505,-1.86166,-0.5276874,2.138808,1.1936442,-0.008881351,2.0755167,2.6576548,0.30752617,0.55038685,2.9611006,2.2629364,0.07458593,0.36442178,0.8059309
common_voice_fr_24639420.mp3,C'est aussi à leur sein que les imams sont choisis.,thirties,female_feminine,-349.4037,37.575657,-13.547731,37.612953,7.8428183,-4.609612,-36.483078,7.395751,-23.076853,4.8070498,-19.925,-8.334037,-3.2937658,-15.755817,1.015379,-10.382601,0.6884302,-17.098549,0.5293419,-9.48982,-6.798893,-1.2096006,-8.857019,-2.9181445,1.0427188,-1.7957865,1.6830163,4.654183,2.9552152,12.662472,0.1511984,6.7544246,-0.86613077,3.2663274,3.4946167,4.200103,3.273491,-4.4292326,3.616557,-3.4061525
common_voice_fr_24639423.mp3,"Après le décès de son second époux, elle retourne vivre à New York.",thirties,female_feminine,-348.56342,87.497284,-15.528333,30.901098,19.28301,-18.625751,-35.27562,-0.87993944,-23.03732,2.8116307,-17.323471,-12.949511,-3.3115048,-14.9428215,-4.628035,-5.6435795,-1.5883154,-16.83651,-1.8362632,-7.6123443,-9.110763,-3.1329238,-6.887456,-6.5676475,-0.61414284,-1.7276024,-2.1521447,1.8257205,-0.9350827,7.668821,1.165929,2.9568803,-1.2126418,1.7799118,1.3621638,3.0682826,3.1903436,-3.809483,4.991581,1.3788317
common_voice_fr_20656130.mp3,Il y a maintenant une gare routière.,thirties,male_masculine,-416.93317,151.97548,22.889887,6.3723054,-2.3026063,21.333519,-0.5377044,7.939198,-2.9356291,6.565876,0.45128962,-1.9941051,7.1855226,3.4850006,3.5344803,1.8565072,4.7971463,1.2475181,1.2754761,-7.776575,-1.3268181,-3.4295802,-3.8963745,-1.7525365,-3.9055521,0.7406264,-0.7353237,-1.4933513,-1.9437618,0.9979161,-0.9996102,0.020998722,-2.1351817,-0.40500546,-0.32379222,-2.6542685,-2.2808452,-1.774184,-0.035702385,-0.99181646
common_voice_fr_20344723.mp3,Les plus violents peuvent changer le cours de l'histoire.,thirties,male_masculine,-482.85974,81.87686,6.655903,9.046517,3.7208111,-1.447646,0.8475275,-10.764242,-3.102363,1.1707883,-10.538808,-0.9339533,2.1613445,-8.940226,-3.2874029,-0.19416004,-3.557994,-0.83294857,-2.7213895,-2.8787477,0.050709873,-2.383622,-2.4138985,-1.4699655,-2.3665133,-0.63453335,-0.7063139,-2.8074205,-2.4984975,-0.21948953,0.32922664,-2.5433314,-2.0686362,0.46048495,-1.3505086,-1.145819,0.0292602,-1.8513263,-0.33694687,0.77843153
common_voice_fr_25242122.mp3,Ô Nuit !,thirties,male_masculine,-594.2927,130.02223,42.87033,22.05659,-2.7569141,-21.43761,-8.727194,3.2764475,0.5894219,2.6853926,1.4351599,-1.8682789,-0.6033541,-4.1767626,-0.25978562,5.415201,-2.337684,-5.958181,-0.39714885,0.3684717,0.023912322,-1.1707468,-6.1276493,-7.6681557,-3.650948,0.8495793,2.160816,-0.09260358,-4.043209,-5.374295,-3.8643916,-0.81084186,0.45374265,-0.5571378,-1.769911,-2.8698456,-3.051059,-5.080303,-5.350669,-2.7351623
common_voice_fr_18523338.mp3,Ce n’est pas uniquement pour accumuler des fonds propres.,thirties,male_masculine,-437.1398,101.271095,2.808754,25.641672,14.976396,21.26407,-6.1795816,11.331454,4.585245,4.5637326,8.082128,-0.41295335,6.3563066,-0.90565807,2.1365297,4.1942143,0.727516,-0.45348808,5.7444315,-0.81177104,2.4472387,3.0313482,-2.9344206,4.513043,-0.16472955,-1.081949,1.9708514,1.6188986,-0.13430066,1.1244909,1.2373607,2.6735904,1.9135617,-0.74153596,2.64603,0.1159006,-0.217573,1.8738066,1.1298895,0.31536508
common_voice_fr_19139009.mp3,"Pour les inconditionnels du modèle économique des coopératives, c'était inacceptable.",thirties,male_masculine,-386.16418,129.12259,19.288187,13.7090025,29.06007,18.97061,2.6683984,-9.772322,-5.539406,-4.4088836,-13.256695,-6.4920306,-2.3763232,-10.75565,-9.156789,-5.4842515,-9.589794,-6.5629463,-2.1504135,-4.9212775,-6.059452,-4.9112225,-2.9787698,-3.7014236,-7.196677,-6.5279045,-2.517882,-2.2489018,-3.274411,-4.407438,-3.7163014,-0.7076662,-2.1606557,-3.2993631,-1.5679393,-1.3367447,-1.6885959,-1.4394362,-1.9552258,-0.79255944
common_voice_fr_19938613.mp3,"De nos jours, la gestion et l'exploitation sont assumées par GoldenPass Services.",thirties,male_masculine,-432.74084,65.033905,0.62624,19.216415,-1.8218005,12.738065,-16.881493,13.618715,-9.147274,-1.5497652,-5.3114896,-3.3009484,-6.432853,-8.915946,-2.159825,-10.990396,3.4046652,-8.15657,-1.5028299,-9.800279,-2.1359775,-5.2614646,-7.072112,-2.6199007,-8.610253,1.7730136,-3.8148823,-0.13954826,-4.8008323,0.08145793,-1.0182674,-2.3336737,-1.3311268,-2.0904834,0.44701183,-2.8914282,1.1033665,-2.8532867,0.0060193506,-0.2666806
common_voice_fr_38323299.mp3,Un vidéoclip est paru pour ce single.,thirties,male_masculine,-403.76367,146.75726,-50.990517,42.526073,-15.591733,7.116495,-2.2571852,-24.422167,1.8367876,-13.004671,-2.8892477,-11.453442,-16.401207,-10.493965,-19.88353,-13.888551,-9.859603,-11.507736,-1.6156051,2.5788386,-6.8787026,-3.3611026,-0.98364234,0.59499776,0.12575617,-3.2131352,0.35161185,-6.2454457,-2.7926216,-3.7309246,-2.7655628,6.1884675,-3.295176,-3.4424875,-2.4925606,-0.5228555,-0.97001463,-4.8871756,-0.5992596,-5.3014803
common_voice_fr_40140621.mp3,Elle a également écrit sur l'histoire culturelle de l'Europe.,thirties,male_masculine,-399.81076,105.33177,-5.1457944,27.436218,27.70993,6.0922723,-8.856271,-0.66799355,-2.813555,-8.918031,-10.8055725,4.0184646,-4.8729005,-9.955304,-0.91596043,-2.8514557,0.8474204,-6.687205,-1.7650552,-2.1549408,-3.288888,-1.5015393,-3.579524,-3.8326948,-3.114971,-1.7356645,-6.659366,-3.9248827,-2.7517219,-4.434199,-4.6124053,-1.6921095,-3.1849284,-3.8015318,-0.8633271,-3.411554,-3.7160597,-2.414971,-2.3426552,-3.21798
common_voice_fr_17301796.mp3,Aux voix,thirties,male_masculine,-392.03366,76.60096,-26.38545,3.2103276,9.014132,6.7224865,-17.283527,4.882725,-3.3966908,-1.8097651,2.6287239,-2.8876748,-1.5903634,-4.0066686,4.622041,-1.1740541,-2.962824,-0.68212587,-1.9746268,-7.3963037,-3.9182317,-3.016716,-4.01624,-5.607039,-4.700789,-2.5548556,-4.001674,1.3008426,-2.290091,-0.268501,-3.199145,-3.5105245,0.5697789,-2.4471996,-0.93843913,-1.2719462,-0.5784843,-1.1196827,-2.1430032,-3.371848
common_voice_fr_27650525.mp3,Mais il est très difficile de l'influencer.,thirties,male_masculine,-509.40994,81.462746,-0.15690722,33.978203,15.848007,15.879416,-19.357937,-12.178942,-16.95445,-11.190669,-7.8186913,-14.3064575,-6.0405846,-8.456428,-6.2300177,-3.204861,-4.040506,-10.856026,-2.2487555,-1.8915462,-5.216592,-2.2716053,-7.714257,-7.514023,3.3841515,-6.9409595,-8.53495,1.2448657,-6.192116,-0.48244905,-5.1520343,-1.6991345,0.56109303,-6.1602607,-0.9820482,-3.2038116,-1.1935784,-1.0992873,-3.4217591,-1.1740503
common_voice_fr_19515153.mp3,"Depuis ce jour, il n'a plus joué au hockey en professionnel.",twenties,female_feminine,-399.7825,81.39012,-3.8165495,11.138736,3.4416325,-7.6859274,-0.36976242,-5.3327785,-7.9177938,-5.9330873,-7.378342,-7.2206416,-6.8849735,-5.432206,-4.8317747,-4.662392,-3.6786752,-5.8051014,-6.4923053,-5.003292,-3.3224041,-5.500441,-7.76996,-4.25933,-4.1369157,-5.190632,-3.4885235,-3.9165714,-1.626573,0.42179826,-0.94539595,1.803134,2.8887134,1.407707,3.3548539,2.9645507,1.3811405,2.2274132,1.7286844,0.7147962
common_voice_fr_39821823.mp3,Le calcul d'une exponentielle de matrice n'est pas a priori un problème facile.,twenties,female_feminine,-393.67346,122.815384,-16.320965,11.974153,-8.838628,17.230389,-32.04523,-11.537441,-2.3391054,-11.260858,-9.819242,-13.522722,-5.4004498,-13.394914,-4.540697,-9.586987,-12.826915,-1.3511095,-0.46121097,-10.411563,-3.941923,-6.152162,-9.519438,-6.014961,-7.3211784,-4.6964884,-6.7743587,-2.6137958,-3.2534666,-0.0510655,-2.2448902,-1.3913954,-0.6122779,-3.0624506,1.4580034,-1.9173831,0.9893134,0.31827575,1.5124863,3.112434
common_voice_fr_39493297.mp3,Il était membre de la Gauche démocratique.,twenties,female_feminine,-412.20514,91.295296,-21.93044,30.271057,4.0353436,-6.2959013,-16.22292,-1.0758215,-17.646658,2.0077496,-17.93077,-8.107279,4.119112,-3.262023,-3.1560402,-4.2441134,4.273977,-17.106754,5.0653553,-6.5066123,-10.07717,-4.328193,-9.4243555,-0.090089396,-4.830834,0.9552928,1.7565836,6.791093,5.539592,7.389994,2.9037333,-2.0452032,1.6596091,2.625569,1.1262945,4.0521855,1.3277382,-2.728756,1.7337896,-2.5782285
common_voice_fr_21135517.mp3,"Cependant, aucune preuve concrète de l'existence d'un tel animal n'a été découverte.",twenties,female_feminine,-431.77646,100.67761,8.664879,3.8419113,2.6390142,2.680337,-20.94996,-4.82237,-8.157836,9.540075,-1.5048292,-15.104381,-2.824935,-7.202906,-14.531247,-12.5552225,-1.5631921,-8.441368,-12.002265,-10.088033,-7.1409554,-6.586268,-5.198873,-4.600208,-6.9621353,-7.1741877,0.6373784,-2.6204524,-2.3809283,0.8575734,-5.8415833,-1.3802509,-5.4397855,-3.2562063,-1.1044112,-1.1408627,0.99731493,1.4529842,4.373249,4.6843452
common_voice_fr_18099777.mp3,Je vais maintenant mettre aux voix l’article sept.,twenties,female_feminine,-379.69107,103.294655,-8.508859,32.036762,7.652175,-12.848926,4.9812155,8.911679,-13.7218075,-13.19481,-1.0924529,-8.36928,-5.6907454,-3.0359669,-8.695559,-9.597197,3.0413573,-1.1847155,-17.194582,-9.504955,-1.6129925,-9.0859585,-13.200452,-2.4158294,-0.46682715,-6.4310417,-3.368286,-5.240737,-3.6006043,-2.4810593,-6.2777348,-3.047288,-5.2753096,-6.183661,0.10196036,-0.22676642,-1.3457252,1.3674196,0.5964307,2.544509
common_voice_fr_20827492.mp3,Hendrix l'architecte prend le pas sur Hendrix l'instrumentiste.,twenties,female_feminine,-428.38892,108.50128,16.406048,24.434513,-0.7503066,13.827606,1.8599259,-1.3540983,-6.5315638,-7.8677864,-7.557686,-2.1933053,2.0426927,-3.7528837,4.465294,-0.83432055,1.8419529,2.27892,-1.9288218,-0.056364216,0.7703317,-0.9435784,-0.9012041,2.2016737,-2.9346786,-1.3531374,-0.010755545,-2.2609043,0.34012458,2.587059,-1.084062,-0.9482616,1.2067207,-2.452447,-0.9874565,1.695485,2.397557,2.1299553,3.941461,4.0201635
common_voice_fr_22193299.mp3,neuf,twenties,female_feminine,-864.7947,46.57709,-13.080789,12.315734,6.885189,-1.3771782,5.7065754,2.5637043,-1.0707636,7.8370376,3.7994,4.5191665,4.318425,-2.130391,0.102956995,1.1125544,0.20401736,-1.226059,-2.1272635,-1.7529764,0.72676235,-0.72868556,-0.24035342,-0.40114978,-0.7965837,0.14472824,-1.1608924,-0.03154677,0.9983591,0.75505203,0.99945855,2.5346842,1.8717264,2.1688933,1.8826027,0.944962,0.7004678,0.32204485,0.46154216,-0.016856927
common_voice_fr_19748213.mp3,Plusieurs ouvrages tirés de ce film sont parus.,twenties,female_feminine,-414.4037,102.61496,-3.2950416,10.726405,10.035426,-5.548318,-0.114039205,0.26197773,-2.9545047,-11.73,-10.4758415,-4.674648,-13.382814,-9.374564,-0.5682438,-3.4822867,0.18354945,0.51219636,-5.9010086,-4.0325108,-3.072133,-7.0510373,-3.852285,2.54675,0.5555765,-4.3441687,-5.556981,-3.8161366,-0.36555868,-2.9642606,-4.8879566,0.6752462,-0.6196167,-3.1645482,1.1094434,4.128833,5.317878,2.2651696,2.5344307,7.0342274
common_voice_fr_40088335.mp3,"Juriste, il complète ses études en Allemagne et à Paris.",twenties,female_feminine,-428.46472,132.72334,-38.22637,-3.9733067,-2.4126618,-11.98025,-7.413108,-19.291065,-14.898568,-12.039944,-7.7008524,-4.320876,-0.79169154,0.9642224,-7.959209,-1.692201,-3.8572946,-12.819631,-3.3539937,-5.7882223,-10.300774,-5.382438,-5.271264,-5.721061,-5.3971515,-3.1925845,-4.1376305,-3.710575,-1.6930552,-4.4973087,-1.2708683,-1.6299173,-4.7036443,-0.13506666,-0.35198873,-1.6060301,-1.4547278,-1.5407345,-0.6126959,-2.0559316
common_voice_fr_40181353.mp3,Le district est situé tout au nord de la ville.,twenties,female_feminine,-384.3914,100.9814,-42.60587,11.123639,21.054665,-7.0316396,-2.0750618,-9.94857,-10.637993,0.03009903,-1.7133512,-8.045664,-3.127148,0.90795517,-7.146867,-4.273822,1.6299745,-5.5322423,-10.29834,-8.291078,-4.1746936,-7.2130113,-11.22295,-3.9218512,-2.2167113,-6.8466167,-4.380856,-2.3842566,-4.0767183,-4.251892,-4.236767,-4.4268837,-1.6647052,-1.6787095,-4.1959705,-1.3183001,-1.0354489,-2.3017426,0.83961403,1.021712
common_voice_fr_30492996.mp3,La commune de Mahambo est située sur île de Madagascar.,twenties,male_masculine,-402.66046,68.98216,9.96702,49.560406,5.9376664,2.2221541,13.55476,-4.267229,3.4265797,0.74148405,-1.6185075,-11.967384,-12.692762,1.6990664,-12.13849,-2.6053197,2.8556635,-12.721833,6.045113,2.8195882,-10.661241,0.46706805,-4.034915,-5.0002217,-2.9350536,-5.8942575,0.73566306,-1.577475,-5.4691195,-1.4631023,-0.9894153,-3.3795247,-4.5101857,-2.5338166,-2.9465482,-3.2076414,-1.4951735,-2.6203554,-2.0027483,-1.612207
common_voice_fr_17960551.mp3,"Non, ce n’est qu’une interruption…",twenties,male_masculine,-743.2714,81.250694,-18.537165,12.215205,22.831617,0.2478396,9.277601,8.752942,-1.4839407,4.126677,1.8311293,0.097278014,5.217288,-0.69134635,-1.2009517,1.703139,-1.7699522,1.816297,1.9615119,-3.3614612,-0.058729168,0.699918,-1.7852061,1.8856606,-0.12598094,-3.4187503,1.0002949,0.20336701,-2.64212,0.17987643,0.74566686,-0.855388,-0.54281163,-0.32838666,0.24182877,0.5179839,-1.3136463,-1.2536147,-0.0023554105,-0.52464294
common_voice_fr_24814133.mp3,Il est ensuite devenu entraîneur de chevaux.,twenties,male_masculine,-410.76495,74.285194,-6.7610097,45.715744,-0.37316152,8.283987,3.5447342,-18.56174,6.140119,-6.541403,-3.989018,6.220516,-14.603822,-8.77803,-6.847368,-5.6692123,0.13493422,-10.541971,2.36596,3.3410177,-2.7687588,1.2369246,-6.08631,-0.4783518,1.1584234,3.5017033,2.5486681,-7.440152,-0.22484009,-3.8975298,-3.0154483,1.883467,-9.780258,-3.9315464,-0.94245577,-1.2948061,2.5338824,-2.1338634,-0.896802,-1.057519
common_voice_fr_21332921.mp3,Mais le problème d'approvisionnement en eau potable demeure.,twenties,male_masculine,-531.6365,144.51877,25.756294,17.992496,2.2726662,-3.6408536,13.497813,-6.0100327,-3.8495622,18.409704,1.9912139,-3.6101823,6.7732906,-3.0517569,-4.4241033,-1.1652187,-6.8692527,-2.7463355,-2.577416,-7.3645973,0.3784411,3.263543,-2.5929997,-4.1264253,-5.2659554,-3.4893675,0.10163309,-3.9342096,-7.5624475,-5.0692415,-4.337952,-6.4071283,-6.7590322,-4.4267297,-2.9626496,-4.607053,-5.664611,-5.016625,-4.1060014,-2.5421815
common_voice_fr_37271860.mp3,Un fil sacré relie les mains des moines.,twenties,male_masculine,-728.59503,89.46148,15.445129,35.751537,-2.0314472,20.743616,-2.632742,0.97171915,-5.0148253,-0.8693909,-4.6198974,-4.2865667,-4.952767,-5.4529,-2.6959765,-8.88121,2.235819,-8.247053,-3.0373528,-3.6520767,-2.1897554,-3.1650674,-5.4364214,-1.7826846,-4.9693775,-1.8632344,-4.1175675,-2.0210521,-4.122123,-1.4290812,-3.7203212,-1.9310057,-0.8293678,-3.2587507,-0.73922753,-1.7756182,-1.6931212,-3.200522,0.17346288,-1.9915804
common_voice_fr_19681554.mp3,Elle comporte onze municipalités.,twenties,male_masculine,-503.5997,55.397747,2.7935555,14.001826,10.211613,-6.958789,-3.5697591,-4.4634132,-5.6727295,-2.0836856,-6.9105463,-7.3702188,-4.904894,-7.491379,-2.6030726,2.7118418,-0.4068697,-0.9045556,0.57910454,-0.67307913,-1.3388964,-1.37391,-0.926678,-0.6677079,-1.2281469,-1.1974344,-1.9919503,-2.1843586,-0.42994717,-1.3632118,-3.4422095,-2.0870967,-0.15132198,-0.020718126,-0.62016916,-0.48527607,0.7735034,0.42971587,-1.3429347,-1.2542751
common_voice_fr_18233882.mp3,Dites-moi s’il vous plait.,twenties,male_masculine,-452.42093,98.24951,15.627869,23.290134,11.7416725,12.449007,8.573107,1.241767,-6.5143633,-2.9005938,3.3907757,-5.4726005,-4.3873854,-6.667675,-7.011964,-1.384389,-6.2853327,-2.9168863,-0.54882145,-4.1513505,-1.3042579,-2.3454537,-1.8041483,-2.9235075,-6.5447087,-5.807912,-2.775089,-3.7289455,-4.972697,-1.6128248,-4.158514,-4.0830894,-3.2757788,-4.5335813,-3.446094,-3.6035652,-3.192758,-3.1527066,-3.0327413,-1.9042625
common_voice_fr_39764174.mp3,Il est remporté par le Namibien Dan Craven.,twenties,male_masculine,-435.08078,110.14296,-3.5136561,24.535162,7.6944437,-3.1977048,-6.5684867,-9.616924,2.9851446,-9.45525,-4.3771706,1.4851565,-8.558256,-5.717787,-6.606077,-0.40962863,0.14518602,-3.9851298,1.5284332,-4.163292,-2.7783344,-1.551645,-4.7580867,1.5872381,-5.2692866,-6.7653165,0.5826395,-2.755679,-1.9483521,-1.7040452,-2.0397773,0.2609384,-1.7020508,-2.7350576,-3.2563293,-1.7127162,-0.6763403,-1.4277587,-0.750582,-3.5855858
common_voice_fr_18316147.mp3,Allée des Deux Mondes au numéro cinquante-quatre,twenties,male_masculine,-386.44446,98.35145,-7.1349044,32.76672,-10.951112,30.712488,-4.088592,24.293676,1.0153916,13.625569,3.3872406,3.1093304,9.981495,3.9675155,8.952096,1.1470004,6.68027,-1.103481,9.040205,-0.495269,8.947037,2.7668207,3.3039305,5.6337357,1.8146904,5.559652,2.3652945,3.799157,0.539022,4.4999533,0.09432322,4.532055,0.092071705,2.149171,0.7682863,-0.5994498,1.5756631,0.7635307,1.7018585,0.17208612
common_voice_fr_22357111.mp3,trois,twenties,male_masculine,-618.9864,84.293106,3.12608,27.45355,-13.326552,12.087937,-13.5531435,10.065298,-7.1053753,9.776271,-9.1062765,5.3128333,-6.0937467,4.5696254,-1.5999635,3.3620384,1.4014329,-2.1213057,3.7653468,-3.1990397,2.7990873,-5.0152087,2.8804665,-2.9791837,5.1729712,-2.751996,1.5632114,-1.121117,1.8636267,-2.017942,1.229514,0.7260052,-0.66791785,0.88089716,-0.69746226,1.7693394,-0.9793272,2.510156,-1.5124494,1.8330791
common_voice_fr_17623671.mp3,C’est exact et c’est un pas tout à fait positif.,teens,female_feminine,-433.08917,73.503075,-4.5323777,5.8881354,1.4504682,2.2678072,-14.979069,-16.536304,-8.07697,0.4860968,-3.6021783,-10.283899,-8.331543,-4.5908494,-4.8950887,-4.80348,0.6153708,-7.412554,-4.160849,-2.6327279,-6.480167,-5.519192,-4.8505387,-2.4654233,-3.5297804,-3.4515378,-4.29815,-1.1092556,-4.4033504,-3.7012205,0.5926608,-0.43320513,3.9612226,3.5037897,4.913998,6.008157,3.3045473,2.3673742,0.5191341,-0.16857891
common_voice_fr_23974893.mp3,"Parle à son excellence et vous pousse, et procure",teens,female_feminine,-538.62354,100.38224,-15.156467,13.480112,7.934904,-20.132914,2.4813216,-0.45516175,-15.153413,-4.6242766,-5.7246633,-7.4325,-3.087489,-9.362807,-8.609367,-3.0792906,-4.263785,-4.1439314,-5.6320615,-6.3074946,-3.3776174,-4.6455307,-5.354826,-4.5504203,-5.2205567,-2.2094712,-0.7553741,-0.6009604,4.360604,3.907479,0.08794486,3.4859896,4.2749596,0.8736805,2.7541828,4.622008,3.2064826,2.473941,1.4525044,1.2443014
common_voice_fr_40480668.mp3,Épicure est l'un des premiers penseurs du plaisir.,teens,female_feminine,-428.03375,93.19664,23.473886,31.003557,-9.587123,-14.684318,-11.882822,-3.0152988,-19.305164,-8.0029125,-14.9015255,-13.926014,-6.695299,-6.709011,-2.161372,-2.318973,-2.6158102,-7.6705017,-3.136989,-12.052628,-2.0484357,-2.723803,-5.126238,-2.8375134,-5.2492347,2.5580149,-0.50025105,1.0945294,4.4634957,4.289159,4.0006547,6.353636,6.193818,6.336167,-0.56730646,2.3824408,1.2618839,-2.6414702,-0.48747247,-4.3594565
common_voice_fr_26025303.mp3,Il débute sa carrière dans l'entreprise Olivetti.,teens,female_feminine,-334.66544,105.596664,-29.392,45.941586,1.2623405,-4.3027606,10.086905,-16.045525,-3.567828,-7.7353578,-12.088918,4.729374,-5.3440957,-9.216403,-1.8156056,-5.392231,-6.6430397,-11.550412,-5.852942,-4.302004,-9.873566,-7.721372,-9.018967,-4.073583,-3.6480575,-5.4890566,-5.598832,-5.1775007,-1.9159101,-7.7608128,-1.5831351,1.5654167,-4.2911725,2.2020915,-1.4562745,-0.758215,2.3610258,-1.5989933,3.2051373,1.7543223
common_voice_fr_30956127.mp3,De nombreuses études lui sont consacrées.,teens,female_feminine,-464.59735,89.011734,33.117126,29.655153,-13.364515,9.905201,-21.605886,-5.227275,-22.636097,3.8509529,-12.80187,-11.724783,-10.034153,-12.662777,13.073713,-9.822468,-3.309778,-9.296426,0.7536211,-7.604219,-13.411037,-7.6295075,-4.8684225,-1.6935581,-6.150329,-2.0287178,-9.267455,-2.9510272,-3.9665954,-4.5054207,-4.6202154,1.5525608,3.1936135,1.5753754,2.4978368,6.575986,11.482371,4.089117,6.4595456,1.4579922
common_voice_fr_30956129.mp3,Virtio est une interface de programmation du Noyau Linux utile aux machines virtuelles.,teens,female_feminine,-429.1218,93.68191,35.943863,39.71771,-9.74632,7.339384,-25.03041,-4.8496647,-23.134523,-0.82826376,-12.254719,-14.159488,-8.181612,-11.947854,11.633097,-10.181942,-3.914485,-7.22188,-0.016564628,-6.743931,-13.913121,-7.4166737,-3.057085,-2.0869277,-8.136394,-1.3996668,-8.40783,-2.988127,-3.5331192,-5.4480166,-3.8831913,1.644639,3.1082783,0.06039008,3.5004838,6.8781877,11.297124,7.415739,8.831614,5.0326223
common_voice_fr_19598630.mp3,Cette association est la branche Nigériane des Amis de la Terre.,teens,female_feminine,-460.1235,65.81084,5.3499694,21.537048,-8.252135,1.6636279,-13.664151,-14.73042,-13.951077,-3.8465977,-5.659665,-14.139938,-0.09237979,-1.8165153,-6.1802053,-5.016655,-1.3585958,-5.7278395,-5.1330404,-3.3074517,-0.71710736,-2.3864362,-6.652882,-3.1483097,-1.1725737,-1.2978427,-4.3875184,1.1834352,0.6292415,-0.32475474,0.12412687,-1.4704901,1.1539788,-0.25744224,2.3031375,0.41391757,2.7665226,4.1872506,1.0978082,5.408587
common_voice_fr_19598632.mp3,C'est un des plus grands lacs souterrains d'Europe.,teens,female_feminine,-448.23642,74.910065,7.4081764,11.826083,-12.9351,-0.5750437,-9.823804,-8.64132,-15.027329,-6.1430283,-5.82857,-16.849663,-1.2832091,1.1432254,-4.864419,-4.7679815,-2.9431663,-5.6120434,-4.4805593,-3.8432748,-0.7814848,-1.9581833,-4.7906775,-6.2228007,-2.9028194,-0.77462953,-8.2916155,-1.7933518,0.112562604,-1.1879929,-0.7979985,-1.2034118,2.3029268,1.524246,5.27,4.676996,5.115059,6.2935023,1.550277,3.0363607
common_voice_fr_25023194.mp3,C'est durant cette période qu'il rencontre sa femme Kerry Parsons.,teens,female_feminine,-520.1087,101.13852,-8.717591,8.834079,6.462228,11.006179,-18.764189,-26.482111,-7.1991434,-3.258481,-17.836535,-5.03441,1.591361,-19.206367,-6.621551,-3.168392,-12.962999,-10.229459,-2.255413,-8.720541,-12.703286,-3.0894973,-7.3040805,-8.207844,-4.3868275,-3.4382079,-4.8870344,-6.3702416,-3.1979666,-3.6947026,-1.957326,4.7549777,5.8903913,6.8912606,7.9049606,4.5728784,1.8067197,-0.40312594,-0.11381149,-1.104921
common_voice_fr_25023196.mp3,L'album sort le au Japon sous le label avex trax.,teens,female_feminine,-528.19226,92.05298,-4.9461513,31.493143,9.892762,3.0553243,-20.485596,-20.860209,-10.073416,-6.171649,-9.121417,-10.819686,-6.6312184,-16.53069,-6.359851,-6.053895,-16.569305,-12.583933,-6.1449385,-7.750039,-10.064587,-7.6539574,-7.340366,-5.8182755,-6.6063614,-4.3904166,-4.980251,-5.667865,-1.8631947,0.1885004,1.3966478,2.7810612,6.949497,5.634679,4.399716,4.420657,0.5719893,-0.072545014,-0.7417333,-0.8501437
common_voice_fr_23983762.mp3,La gare a aujourd'hui le statut de halte ferroviaire.,teens,male_masculine,-169.94089,118.832214,-14.533622,32.491646,-12.294201,23.277824,-16.682467,13.356041,-14.816845,-1.5448649,-5.252054,-7.882519,-2.9365842,-9.988826,0.6740102,-5.5097237,1.6775815,-7.002362,5.132778,-5.910552,2.8874638,-1.3066437,-3.3713515,-2.9896443,-8.329867,1.252628,-6.805493,-3.782968,-6.3221555,-2.2169092,-5.8589563,-1.7069092,-3.2926853,-1.6601614,-0.5986335,-5.1893873,1.289435,-2.0575213,-1.1709644,-2.0995374
common_voice_fr_18884781.mp3,"Oh ! mais, c’est que ça me va !…",teens,male_masculine,-330.84457,107.464455,-12.639574,16.448284,21.624258,2.0565312,12.169498,5.9855804,-2.374297,-1.0714713,-3.1124752,1.0979486,-0.96637607,-7.205309,-1.5621487,-3.7501316,-10.129298,-1.774594,-2.6963735,-9.069082,-3.1538806,-9.120698,-14.262868,-2.1234357,-1.9712185,-5.8838916,-1.5044304,-4.998304,-5.0354085,-2.350625,-5.338455,-2.1762586,-1.0114186,-3.2326066,-1.4189466,-2.6419175,-3.4579725,-2.2652931,-3.2199423,-2.6503909
common_voice_fr_20183234.mp3,Le nom binominal se réfère au mouvement Ni una menos.,teens,male_masculine,-450.39368,106.68206,-7.230575,-20.877092,16.032814,6.81793,-19.411716,-10.687107,1.691036,-7.8102264,-10.735848,-0.654235,-2.772505,-10.022488,-3.4396958,2.3389943,-4.4071074,-6.3672304,1.1592594,0.7315729,-5.5632825,-3.2036471,1.5985221,-1.7758672,-4.598364,-0.6805585,0.6722956,-2.558464,-2.563712,-0.393621,-1.7085612,-2.6200957,0.07082505,1.5980564,0.3624656,0.57023394,1.8161974,1.1265414,0.7336313,2.2183073
common_voice_fr_27403322.mp3,Seul le destin les rapprochera.,teens,male_masculine,-389.79996,110.96345,-14.767151,38.5011,-3.253667,0.34381047,3.7770007,8.644028,-3.8296757,3.2743165,-4.7320976,-1.0478516,-6.4474454,-3.2696187,5.017252,-7.809788,2.8758175,-7.770136,-0.50993145,-0.9093869,-4.2588887,-3.866362,-5.2778125,0.32116657,-5.850246,-4.3252563,1.8151897,-1.8341697,-5.173446,0.9156626,-2.2012262,-0.12772782,-3.230436,-1.5978503,-0.84919584,-3.6160307,-0.04389986,-3.4745054,-0.8182056,-2.870964
common_voice_fr_39016754.mp3,La barbe est faite de raphia.,teens,male_masculine,-352.8124,138.79706,-19.594852,23.09695,9.785219,10.27718,-9.556802,14.761588,-24.283655,5.3871074,4.7268767,0.44303432,-4.379756,-7.379375,9.634573,-5.5533795,-1.4408886,-8.926603,3.1670172,-6.306434,-4.1905217,-3.5593624,-0.60374266,-0.2109038,-4.8073606,0.067644745,-3.938748,-0.025247503,-6.1523614,0.99016875,-3.7243652,-4.490908,-1.5303333,-2.2400832,-2.0824172,-2.2987094,-5.8161697,-1.3122408,0.77676237,-6.1055875
common_voice_fr_21308988.mp3,Le clip a reçu des réponses de programmes musicaux.,teens,male_masculine,-469.7158,63.27108,18.968365,35.981136,16.432764,-15.533266,-2.7612407,8.926435,-7.5741343,-14.776878,-5.5463133,-10.148652,-17.15412,-11.029897,-8.84484,-9.230047,-7.1500115,-7.63462,-7.8522005,-7.4641614,-7.6118865,-8.411961,-7.8280725,-4.1772146,-3.0496619,-4.10083,-2.2262511,-0.37146327,0.35711974,2.7169771,4.083784,3.087355,3.6997223,4.548767,2.8402734,1.7515117,1.7058593,1.1574098,0.3479495,0.22587201
common_voice_fr_18597303.mp3,Oui et à chaque fois que je l'ai vu.,teens,male_masculine,-607.4576,90.224945,4.4000444,17.56759,9.982554,22.770542,-3.0166194,5.2648473,0.54641664,-2.3952234,-1.2715367,-0.47117525,1.8040161,-1.4585484,0.647748,-0.633019,2.447246,2.6808329,6.989112,-3.764251,-0.27036425,4.3265057,-1.1902231,-2.427841,-5.7831516,-0.8073467,-0.9653042,-2.6938808,-3.3960056,-3.256055,-3.939808,-1.6957462,-4.0338035,-2.5812533,-1.816525,-4.1288505,-0.98910207,-4.627092,-3.5396576,-2.926659
common_voice_fr_17882591.mp3,Qui t’accompagne ?,teens,male_masculine,-497.8374,141.30774,17.223019,28.354658,-7.6062284,-8.387378,-19.3158,-2.4419475,-1.2631158,-10.329936,-0.52738285,-4.3247414,2.574987,-4.749122,-8.24297,1.1322235,-5.1763725,-7.8240333,-2.6739695,-7.122782,-4.4135256,-2.7470155,-5.369978,-3.046984,-5.6773005,-4.3776145,-4.445863,-5.5408764,-2.688143,-2.9586432,-4.308402,-3.3958545,-3.908673,-4.840724,-2.9794345,-0.46838018,-0.6160803,-2.5002003,-1.2959567,-0.6577306
common_voice_fr_19687288.mp3,"À son retour, il écrivit une célèbre relation de ses voyages.",teens,male_masculine,-447.40686,132.50122,-21.813654,33.019154,30.124249,-18.133204,3.4126866,4.912208,-10.236238,-1.8415539,-7.6601872,-11.085302,-2.7108786,-5.894259,-4.7442803,0.8256209,-0.7438603,-1.2406358,-4.80051,-4.071031,1.5074215,-5.884865,-9.021487,-0.96045005,-2.777876,-5.989506,-1.464974,-1.4266559,-3.182561,-4.5115404,-5.1017876,-1.5619893,-3.5766966,-5.4848967,-2.589481,-3.9095585,-3.119908,-0.85254633,-1.0166603,4.099772
common_voice_fr_21480410.mp3,"Les Titans, vaincus, sont précipités au Tartare dont les Hécatonchires deviennent les gardiens.",teens,male_masculine,-542.0562,90.97131,33.982418,46.789303,19.09081,-0.33595884,3.6195078,-4.2008314,0.71894526,5.4433355,-3.6228917,-2.5606277,4.3231206,-2.475554,-4.891794,0.416202,-6.1345453,-6.208975,0.060714785,-4.538477,-3.8579352,-2.1829944,-5.806866,-0.55537903,1.9183483,-3.8482666,-4.383563,-1.5024153,-0.41058317,-0.7716244,-0.9406304,-0.6447308,-1.5560582,-2.512846,-1.9881978,-0.7277594,-1.8492305,-3.9707284,-3.0089464,-2.764847
common_voice_fr_18309828.mp3,Je l’ai entendu chanter.,fourties,female_feminine,-881.8429,58.293888,-2.9922218,15.028845,8.087499,-0.711491,7.3815346,-5.0624685,-6.39782,-1.4917418,-6.8571033,-0.1605098,1.3092942,-3.697896,-1.7085278,-4.1612325,-4.651442,-1.5466336,-4.9168997,-5.133203,-2.871255,-3.4480836,-2.4892094,-3.8183815,-3.8945692,-1.5343058,-1.5422537,-2.3141134,-1.2263203,0.24126391,-0.7138283,-2.3232565,-0.12986934,1.4105471,-0.60787946,0.21667929,0.8700606,1.325446,3.172372,3.5330296
common_voice_fr_19940235.mp3,Wilhelm Anderson naquit à Minsk dans une famille d'origine allemande.,fourties,female_feminine,-354.76303,112.08222,15.167526,6.6333175,0.3818129,41.499752,-4.6278067,11.438108,-15.382839,0.39982626,14.541112,-2.1806097,1.7616144,-10.322738,2.0041544,1.5903543,-4.7803564,2.755168,0.37106016,-7.700757,-1.5753704,-5.892824,-0.4084952,-6.7224026,-4.0653553,-0.5545103,-5.355529,-3.8552969,-11.027614,-0.79937506,-3.17604,-0.43818337,-3.364734,-4.427432,0.4931588,0.8550302,2.05529,-3.6909032,-2.1663764,-2.411447
common_voice_fr_19670988.mp3,Les événements dans la vidéo sont joués à l'envers.,fourties,female_feminine,-390.57648,112.65368,-13.877051,8.471792,-0.31975016,-18.01663,-1.1448033,-15.894928,-11.362732,11.101354,-7.782856,-14.122389,1.4845076,-2.8412623,-6.259036,-3.486747,-5.456954,-3.9139714,-6.1463857,-5.9861803,-0.6539246,-6.885806,-3.633022,5.433685,-4.3475513,-3.6790223,5.9909425,-1.5452508,-4.8143187,-0.8267666,-0.7321909,2.1581628,-1.9052547,-4.5384817,1.0017968,-3.9421825,-6.4763594,0.09945289,-2.2057848,-2.7921033
common_voice_fr_19671015.mp3,"Tlépolème le frappe, le tue, et se réfugie à Rhodes.",fourties,female_feminine,-409.6334,99.83187,-13.29932,11.109742,9.883312,-11.505395,-5.172075,-16.293001,-11.961898,4.989902,-7.962354,-11.687496,-2.8318055,-7.4861155,-6.9586644,-5.2127542,-7.038658,-2.801023,-4.7358036,-4.519878,1.0245484,-7.19688,-6.0041094,6.9297957,-0.35264778,-6.097569,1.3975432,-0.32782564,-2.4859078,-0.91038823,-0.4683935,2.6476266,-0.057847526,-2.4169664,2.5617406,0.010141882,-4.1891227,-1.6639696,-2.639108,-1.021144
common_voice_fr_17316466.mp3,Nous ne partons pas de n’importe quelle situation.,fourties,female_feminine,-375.24893,79.940475,-1.4415364,21.610142,2.6427302,12.758234,-5.1716056,15.64352,-1.9662787,1.7375492,3.1782777,-7.3775315,-1.7020102,-8.880767,-3.022227,-4.4058743,-1.6177396,-4.5479317,-1.215869,-3.9088027,-2.6500332,-0.531004,-7.4337482,-3.4948463,-2.1357026,-7.073993,-8.485016,-3.3867688,-5.9882927,-8.10854,-6.985428,-1.1595253,-5.6358666,-7.5729275,-1.4522268,-2.8263164,-0.90639514,-2.0735104,-0.45070243,0.52315754
common_voice_fr_17316469.mp3,Faisons donc attention à utiliser les bons mots.,fourties,female_feminine,-385.5756,83.44348,3.9459288,32.11353,4.377087,15.499143,-6.4754114,11.935696,2.2046475,6.966724,6.911198,-3.600597,-1.6730882,-8.184312,-1.3207126,-6.92537,-1.6572505,-1.2063591,-1.3161801,-8.119311,-3.5016265,-0.39635554,-8.441764,-3.8200681,-5.6649194,-6.502045,-7.7068815,-4.7702,-4.9912496,-7.649693,-4.2206645,1.6162229,-4.532218,-4.5610857,1.6193161,-3.6946473,-1.7547079,-2.8227518,-3.5825667,-2.328539
common_voice_fr_17316470.mp3,Par l’innovation.,fourties,female_feminine,-434.48315,68.259056,-5.4974003,20.275545,-0.3578721,14.681952,-3.0427346,14.413436,1.4481142,4.4823685,5.650441,-3.0867202,1.1038194,-3.8490922,-1.721095,-4.3511,2.610099,-3.3121016,0.6506698,-4.403933,-4.305654,1.5614606,-6.314222,-5.0273685,-4.3057837,-4.745599,-8.2227745,-4.002689,-3.312721,-5.780339,-3.8284268,1.2826622,-5.423899,-5.6740074,-1.5125525,-7.9206424,-2.1208255,-3.9716408,-3.4266083,-0.9154792
common_voice_fr_22752603.mp3,Son idéologie est le libéralisme.,fourties,female_feminine,-387.9775,107.30724,-19.51513,36.683407,13.26576,-13.030611,8.318415,-17.187454,-4.7142863,10.734233,-17.735865,-5.705717,-1.8002898,-14.863462,3.2997565,-4.988792,-12.785137,8.370017,0.54792446,-7.3321357,0.8707002,-4.7142844,-4.2972713,-3.2557397,-6.2590165,-1.63346,-6.369512,-6.3766932,1.4156117,-5.836801,-5.6287575,1.9580967,-3.0335636,-1.4201235,2.9527626,-0.2530938,3.6532974,5.9171863,2.0500057,4.2564254
common_voice_fr_22752604.mp3,Mais il continue toutefois à travailler dans le graphisme.,fourties,female_feminine,-405.4419,107.66333,-13.725752,26.688158,1.5989612,-17.364525,10.690117,-11.950257,-6.1711946,9.624967,-14.501359,-4.6906204,2.1213455,-11.009415,1.3484936,-4.663116,-11.7827,6.613595,0.8567393,-7.8725867,-1.6365403,-5.3496027,-3.761673,-2.5243125,-6.2319,-0.89240086,-3.5728831,-5.4379754,1.5168369,-3.7584434,-4.5440216,1.9067466,-3.1509454,-1.8463037,3.0765731,-1.5694748,0.75153446,4.088017,0.2746817,2.1982
common_voice_fr_22752605.mp3,"Riquet n'a qu'un ami, Berthelot, chasseur de son état.",fourties,female_feminine,-387.42026,100.56842,-16.979986,29.0626,4.2796783,-17.181091,11.109723,-10.4931555,-5.6541038,10.443873,-11.535724,-4.8682375,-3.8929713,-15.224143,1.9403685,-3.0128102,-9.62967,7.0690603,-1.3979952,-7.1869583,2.3482554,-3.3029463,-3.869408,-2.9612832,-6.430547,-0.5861834,-4.2667394,-7.4820795,0.6550032,-2.9336848,-4.3431015,1.4138972,-2.4306455,-0.7669351,2.9858363,-1.7505268,1.0919896,4.501414,0.2820782,1.1458395
common_voice_fr_17314644.mp3,Nanette n'était guere plus grande que moi.,fourties,male_masculine,-432.87238,118.561485,25.754026,52.18923,-10.7345295,13.6434765,0.1916514,-17.201591,1.4375781,-14.343434,1.747639,2.960935,-14.281485,-0.9300952,3.604195,-6.619051,2.0604873,-1.5066701,-7.590743,-0.3868598,-5.583655,-1.0902805,-1.881853,-4.4957514,0.019061686,-6.5150104,-3.2950602,1.838399,-2.1959302,-2.9040756,-2.7905822,-2.9005196,0.5438435,-4.45632,-4.9433994,2.4364007,-3.975298,-2.8540227,0.54520136,-3.0552526
common_voice_fr_19699759.mp3,"Des émigrés! répondit le maître de poste, un chevalier de Portenduère.",fourties,male_masculine,-614.7174,96.737076,-2.2658918,49.62658,-9.769702,33.754898,-11.727816,25.742111,-7.536584,10.523724,2.4985545,4.1099463,3.7404633,-4.908878,3.1202672,-5.1078076,4.611144,-1.6410594,9.126313,-5.0711026,7.608648,3.0126214,5.574979,2.9147763,0.8937004,3.6505678,-0.57893,0.85443103,-1.9572611,3.640985,-4.2128835,2.751905,-2.0063686,1.9882661,0.017916985,1.0066277,1.0056347,0.06990848,1.7389739,-0.45836657
common_voice_fr_20314701.mp3,Il effectua un pèlerinage à Ceylan.,fourties,male_masculine,-429.86267,58.6051,-3.0508766,15.700181,6.801528,11.82019,-1.39425,0.55541956,1.4424338,-3.5971963,-0.74362206,1.1902504,-5.8268,-5.8600163,-1.0703838,-5.234603,-2.2938151,-2.0673091,-4.0902085,-4.6172357,-1.7253284,-2.3240235,-2.000197,-1.8255793,-3.8497274,-2.0966327,-2.8312943,-4.3398404,-2.5775852,-1.8898766,-3.899091,-2.1799743,-3.8100307,-1.906086,-1.1852461,-2.3080256,-1.4877868,-1.8480831,-0.52589357,-1.7491927
common_voice_fr_17323656.mp3,Je comprends que cet amendement perturbe la majorité et le groupe socialiste.,fourties,male_masculine,-510.67993,98.216644,-4.9160056,27.093775,32.512604,-6.404799,-4.7650685,4.4703546,-0.88123316,-4.652077,-9.477694,-6.4656687,0.104292415,-6.4248834,-9.49208,-3.4908967,-5.3806014,-6.431553,-2.673774,-2.8375,-2.5058064,-4.3802156,-5.454235,-0.19231434,-0.65216863,-4.561614,-3.5739949,-2.3864229,-2.3827138,-3.6148632,-3.3495557,-1.3081235,-2.4193282,-2.618179,-1.2607569,-1.904328,-1.3563876,-1.2781413,-2.816306,-1.8566284
common_voice_fr_40130594.mp3,Il met un terme à sa carrière immédiatement après cette défaite.,fourties,male_masculine,-1131.371,0.0,0.0,0.0,0.0,0.0,0.0,0.0,0.0,0.0,0.0,0.0,0.0,0.0,0.0,0.0,0.0,0.0,0.0,0.0,0.0,0.0,0.0,0.0,0.0,0.0,0.0,0.0,0.0,0.0,0.0,0.0,0.0,0.0,0.0,0.0,0.0,0.0,0.0,0.0
common_voice_fr_17423913.mp3,Les parlementaires du Front de gauche ne vous comprennent pas.,fourties,male_masculine,-429.82617,121.792,29.183058,2.9620118,4.916191,8.808768,0.06473537,3.263349,8.847688,7.5082726,7.2246385,5.0094957,2.268122,-0.5732526,-3.0479913,-3.3269894,0.6772845,6.5286016,5.111887,-0.034280453,0.8666059,0.23887731,-0.29633796,2.0033982,-2.1433387,-4.42399,2.384731,2.8560774,0.24029917,2.8393605,4.1599164,3.145353,-0.64256424,-0.84145236,-0.25367257,-2.5521042,-2.0467978,-0.083737224,0.93974465,-0.16693616
common_voice_fr_19925881.mp3,"Celui-ci, étudiant en médecine, faisait alors sa spécialité à Londres en ophtalmologie.",fourties,male_masculine,-291.0477,87.85028,2.207302,48.349136,18.078894,33.45046,-9.590263,19.52052,-2.072661,4.4366145,1.6201465,6.7425604,-4.6821084,-4.43553,5.346642,1.2762114,10.3557825,-6.645048,2.219873,-0.9170972,11.057407,-7.618909,-2.4722826,4.2762747,-3.2279763,-1.587333,-7.212022,0.17219952,-3.7220085,4.349752,-6.718299,-1.465791,-0.09162556,1.0531014,-1.7480619,-3.478989,0.945015,-7.228816,-3.3738358,-5.581847
common_voice_fr_19940775.mp3,"Ensuite, il a une courte relation avec l'australienne Virginia Hey.",fourties,male_masculine,-485.5788,121.04479,10.93712,30.014788,3.3066497,14.478886,13.620944,13.908046,-15.801894,-4.170645,0.3595747,-14.620099,2.8384366,2.1875296,-1.6529644,-0.9659025,6.1336966,-3.1229966,-3.9573057,1.8045192,0.57414126,3.2954261,-1.8938127,-1.3003814,-0.3780274,-2.2214212,0.7314778,-0.24441732,-2.8058221,-2.3265076,1.138506,4.7406664,-2.5632303,0.6325832,5.6855993,-1.7816901,-2.3608258,-0.93659294,0.43351093,0.60780376
common_voice_fr_19935048.mp3,Il fut aussi membre honoraire de la société philanthropique La Gigouillette.,fourties,male_masculine,-347.6026,108.339165,-11.054232,32.704414,16.179949,7.011208,22.470654,-6.7561245,-0.23006809,6.6314864,-17.119083,-5.861114,2.0074878,-12.599119,-5.484556,0.8781581,-5.0909004,1.4944106,-0.0023706986,-6.7637205,2.8546937,-0.8656773,-7.991752,2.0960886,-0.6024101,-5.333682,0.48421052,-1.9959134,-1.8083915,-1.0578172,-4.219522,-0.87580276,-1.9263277,-2.4739637,0.02456564,-4.232288,-3.4827173,-1.0015662,-3.1157541,-1.4732075
common_voice_fr_21535250.mp3,"On s’engueulait, une fois encore, et j’ai pas réalisé.",fourties,male_masculine,-424.35196,113.7871,-6.7940564,22.560696,5.9925804,-20.614977,2.2493615,-5.920684,-4.9016356,7.920262,-10.2973,-7.3732967,1.9016987,-11.692748,-6.416928,0.8997054,-7.414673,-6.4345856,-4.4264765,-4.5460043,-1.5686748,-3.16704,-2.582129,-0.8763455,-3.2053037,-3.4318697,-5.049886,-6.952992,-4.7600446,-3.8437173,-2.639191,-1.5353906,-3.7636423,-3.7056515,-2.375862,-2.613463,-1.6230304,-1.7583066,-2.5581467,-1.3066369
common_voice_fr_17816445.mp3,Nous prolongerons cette séance jusqu’à la fin de l’examen du texte.,seventies,female_feminine,-447.0824,107.254326,26.854559,28.045263,-10.282546,29.236513,-7.250342,2.1388388,-2.258428,-3.712646,-0.10886013,-0.25694802,-7.3006206,-1.1542481,2.2606287,-6.100237,7.2344227,-6.338802,0.5318415,1.0347103,-7.3284516,-2.1118808,0.6073134,-6.391489,1.4971526,-1.5787822,-8.883799,6.1007786,-3.0589085,-2.61787,1.6074498,-3.2901156,0.94287914,4.1213694,-2.998739,0.91022784,0.15449531,-4.3511286,2.80305,-0.7193732
common_voice_fr_39574862.mp3,"L'obscurité met fin aux combats, les deux côtés acheminant des renforts importants.",seventies,female_feminine,-462.40952,83.32255,-10.208681,13.122496,-2.5590236,-9.8816185,-11.821225,-8.604205,-10.471235,-8.521604,-11.492672,-4.757052,-10.161802,-9.186635,-2.7845285,-3.9194157,-6.120589,-12.350584,-0.018698817,-9.632169,-5.452643,-1.6975999,-9.140905,-2.7808375,-2.9391994,2.3936758,1.5177749,1.3992965,3.2979238,1.6078889,-2.1733053,1.0268414,3.2123697,2.8768914,3.6408253,2.7346087,4.1617785,0.20574509,2.1292696,0.70587355
common_voice_fr_39574863.mp3,"Pierre l'accompagneraient dans les États, ce qui aurait été un conseil de la reine.",seventies,female_feminine,-941.4715,38.70168,2.7113183,14.551398,6.905776,2.542226,0.8752872,1.3141718,-3.508951,-4.009725,-7.5480285,-4.001567,-4.3333774,-7.3300605,-6.274953,-5.611222,-3.294415,-4.24713,-1.8853492,-4.9573827,-5.69713,-5.194939,-4.2554607,-2.5721712,-0.3668342,1.2637023,-0.09009869,0.09318956,0.30204174,0.993076,-0.87469393,-1.1551635,-3.4261138,-3.6826813,-3.3546414,-3.0763295,-1.8486261,-2.4066474,-1.0603625,-0.86535543
common_voice_fr_39574868.mp3,Il a légué sa bibliothèque au président de Thou.,seventies,female_feminine,-470.80252,67.54475,-8.767463,28.196169,7.4667115,-8.780357,-17.798916,-8.891617,-5.143987,-8.923232,-13.643269,-3.2836552,-7.2032743,-7.470227,-1.9989265,-2.7440596,-3.757271,-7.6319566,0.010160085,-9.435945,-3.1022985,-2.4050379,-8.583946,-2.606255,-4.4894643,-2.8123589,-1.1532552,-2.7399783,-2.2176435,1.7904841,-2.7440853,2.6581159,3.4202526,0.7809541,3.056941,2.405083,3.6228442,1.4444559,4.3438296,1.8397765
common_voice_fr_17452105.mp3,Le grand-père n'est pas fatigué.,seventies,female_feminine,-288.2352,143.81921,-34.05276,-4.5279026,22.226511,-3.395173,-2.2409751,-6.4429865,-7.757412,-3.3659887,-10.981925,-2.5174809,1.6010138,-8.879779,-0.31956676,3.736625,-2.9774408,3.1859438,-0.1619453,-7.049272,0.06892581,-2.719064,-7.080119,-1.3817687,-4.099453,-7.3729506,-5.627893,-6.616814,-2.6504266,1.6125171,0.95276976,0.097741224,-2.5316281,-0.6801772,1.5466241,-2.636667,0.7425283,5.1517587,-1.2911495,-4.2751837
common_voice_fr_17452109.mp3,La tourterelle mâle.,seventies,female_feminine,-294.72086,153.03876,-29.273916,-3.625197,14.486536,-13.2043295,-2.2123444,-2.6242642,-10.603198,-5.801483,-7.128731,1.1211082,3.0095632,-8.972741,-9.445672,-5.7149253,3.2518768,11.020055,-3.6107166,-8.380501,2.311105,-6.8954024,-10.860824,-1.5557736,-4.1548114,-1.8538843,3.0340774,-4.836663,-5.012347,-0.12378607,-2.425099,-0.8908866,0.061201226,-1.7005801,-2.1956,-4.5950313,-1.8935616,1.4122262,-3.0144868,-3.445954
common_voice_fr_17452110.mp3,c'est le vôtre.,seventies,female_feminine,-312.91223,146.60919,-40.770397,-22.532282,4.994702,-8.879464,-0.10939888,-5.663481,-11.313552,-0.7862453,-2.1728475,-1.0460182,3.4949229,0.026940752,1.144078,-2.721427,-5.4472437,9.049595,6.938923,-8.1473,-3.5306127,-3.498592,-7.9655805,-1.7546531,-2.484364,-2.022883,-0.12009363,-6.184329,-2.6574988,0.61555743,-3.0136023,1.564452,-0.12496137,-5.923941,-0.67109674,2.1813805,0.38363814,-1.0991502,-6.9353323,-8.147348
common_voice_fr_17452111.mp3,Il ouvre la porte ?,seventies,female_feminine,-306.9382,133.07759,-33.01957,-9.44616,2.076453,-22.47838,-4.374088,-4.463735,-12.1044235,-1.7719471,-5.117951,-1.9869475,4.9983554,-2.5435426,-2.1415062,-1.3754114,-3.550071,4.4956913,1.0067879,-7.164069,-2.567201,-6.4994426,-9.787777,-0.6552736,-0.52457774,-5.278343,-4.1675634,-3.3288677,-1.1397519,-0.34697568,-1.2573768,1.0215231,0.35795915,-0.2014307,1.0036832,-0.5394798,1.3244547,1.715825,-3.649319,-2.616102
common_voice_fr_20067372.mp3,"Par sa mère, il hérite de la seigneurie d'Allerdale.",seventies,female_feminine,-321.46432,93.49459,-37.481594,44.848198,-16.16673,3.160746,8.790725,-17.96179,-5.0192776,-14.470148,-4.762824,-9.560148,-6.346479,-6.284641,-15.794293,-2.8136742,-4.1597114,-2.8194518,-8.357518,-7.745214,6.599188,-3.7957149,-11.34329,-5.9517903,-4.2187147,-5.7590375,-3.9704792,-3.8441787,-3.6899495,0.6923324,-1.9569674,-1.5845093,-0.65281343,-2.0550053,0.85662687,1.9054011,1.4936115,3.1696823,7.8929014,3.363811
common_voice_fr_20067373.mp3,La Suède compte une pratique listée au registre des meilleures pratiques de sauvegarde.,seventies,female_feminine,-287.42697,91.144966,-29.582333,51.566223,-13.625695,10.087138,3.9225755,-21.94739,-1.5636448,-16.889717,-7.0862274,-11.174288,-5.199291,-3.8563144,-16.980099,-4.439059,-5.505672,0.02414335,-8.27364,-14.071254,5.2991576,-2.0579822,-10.134352,-5.5854926,-5.681255,-6.358069,-5.1331897,-4.238966,-4.561132,-3.3453753,-3.913764,-0.5546369,3.069399,2.1263654,-0.2176042,1.2342546,3.9131856,-0.17081511,3.1265721,7.2069516
common_voice_fr_21260894.mp3,La jetée est principalement utilisée par la Marine indienne.,seventies,male_masculine,-973.51605,85.44667,-25.596416,25.244083,9.323713,-4.699827,13.888632,-8.39116,-2.8897424,2.6959596,-10.477568,1.0623882,-0.68240106,-3.925047,2.526911,-4.2942967,0.3543596,2.9250662,-3.7989144,-0.41321647,-3.1078203,-3.3898373,0.5265882,-4.725658,-3.6330764,-1.7232288,-3.0727947,-0.80206513,-3.3363225,-2.881709,0.52512544,-1.0010712,-0.49462214,-0.8335893,-0.87645334,0.573511,-1.7226708,-1.3158063,-0.44221202,-1.4117291
common_voice_fr_19193597.mp3,Le club de Township Rollers est le tenant du titre.,seventies,male_masculine,-396.74625,81.374504,-12.652629,28.145935,19.662868,-4.893826,13.217545,4.99467,-0.62153214,3.1945724,-12.55238,-5.4382877,8.157889,-0.8998188,2.0523548,4.729012,-1.5288342,6.6296234,6.0693727,-2.3468416,3.21707,3.176996,0.23823598,1.5739357,-5.326014,-3.6029875,3.5242114,-3.0674658,-4.684282,-0.28289595,-0.7607634,1.0071247,-0.9312404,-3.0783145,0.12532175,-2.2731886,-4.8243484,-2.4336865,-0.68166107,-0.38054597
common_voice_fr_22189861.mp3,non,seventies,male_masculine,-220.8188,120.90523,-25.46063,11.309488,-3.5871258,26.420927,-13.324011,16.2003,-8.082891,0.6366745,-0.79925,-2.0025828,6.173638,-4.2147765,5.3856716,-4.74645,1.2538472,-2.5817337,1.8936465,-9.493016,-1.499045,-1.4074166,-5.143367,-0.8623317,-6.4776998,0.33866572,-1.3738984,0.16150086,-4.376925,-1.2796762,-4.062021,-1.7799103,-5.6975813,-3.7199066,0.1997105,-6.1978364,-1.4037974,-3.7246714,-0.6543906,-2.6279533
common_voice_fr_22189865.mp3,neuf,seventies,male_masculine,-235.1223,117.73921,-23.881119,9.403183,-1.3776367,24.277811,-10.37115,13.002951,-8.031697,0.17445031,0.17178203,-1.7741388,5.38603,-4.238862,4.1921263,-4.0262966,0.7947084,-1.3631284,1.3693126,-9.116273,-2.076171,-2.043446,-5.0803204,-0.2637772,-6.169733,-0.8813873,-1.1070198,0.005380376,-3.3511043,-1.1498255,-3.8821268,-1.8901526,-5.451815,-4.2472825,-0.49074662,-5.1868205,-1.0052493,-2.408031,-0.29111576,-2.4546769
common_voice_fr_19738695.mp3,Il permet de descendre à plusieurs centaines de mètres.,seventies,male_masculine,-537.32025,143.03378,-11.560186,27.450655,50.428173,2.2217689,5.500858,10.026715,-13.553635,-1.1080588,8.638536,-9.57285,-5.129285,4.3534274,-7.067531,-3.3372009,8.809974,0.5523512,-6.0839133,0.21501765,-1.5222712,-7.3503275,-3.2659817,0.2538281,-2.4024572,-5.5275645,-6.715004,-5.1541495,-2.2183268,-3.0505095,-3.947195,-0.55852807,0.7794214,-0.5866747,-1.1200191,-0.9982777,-0.47848678,-0.31091553,-2.5262349,-2.438393
common_voice_fr_19738696.mp3,Dominique Duvivier est marié à Marie-Christine Duvivier.,seventies,male_masculine,-509.98126,133.42513,-18.449984,41.344444,67.49687,6.547085,6.447972,9.475941,-16.078056,2.7057467,12.433129,-15.032228,-10.77811,2.8407311,-10.76749,-7.568533,5.8143625,-3.3115258,-7.1545067,2.1899378,-1.487617,-8.482427,-3.6282394,-0.25921407,-1.9891891,-4.035781,-6.148644,-4.435095,-0.21603374,-1.4818965,-2.8008666,0.320426,-0.17146748,-1.427938,0.1347076,-1.4078937,-3.2265322,-0.46811786,-0.98050714,-2.8524213
common_voice_fr_40151108.mp3,"Sophie Dessus, femme politique de Corrèze.",seventies,male_masculine,-433.96634,53.076862,-11.269681,22.44325,4.3176293,13.624216,-0.036215637,-4.4507103,1.8984096,-14.846586,-1.7987407,-2.1236145,-12.139074,-6.4079843,-7.4034214,-4.2297297,-0.748874,-4.471962,-2.193679,-1.8834416,-1.840123,-2.0508425,-5.3246937,-0.2960392,-2.703166,-1.1429784,-1.6680051,-6.4504833,2.3561027,-6.052975,-3.6354954,1.523973,-6.573527,2.013602,-2.5770352,-3.2850065,0.22801346,-2.643561,0.0012809557,-3.1145744
common_voice_fr_40151110.mp3,Elle fait partie du Pays du Sud Toulousain.,seventies,male_masculine,-421.9686,48.76513,-11.86545,25.90874,13.1667385,8.340771,0.7132631,-2.2300444,-1.7926105,-9.102384,-0.6914675,-7.310068,-9.409489,-1.8089876,-3.1237805,-1.9244661,-3.8284483,-1.850365,1.447478,-8.22572,-7.2126513,2.4718616,-4.909601,-6.7158713,-0.21872734,-1.942667,-4.3511853,-1.9234489,-2.0474167,-5.588392,0.71039766,-3.4677951,-5.7252994,2.2097795,-5.038258,-1.4230955,-1.0353388,-3.2398007,2.9555266,-2.52605
common_voice_fr_20306204.mp3,Du reste sa mère aimait ses sœurs.,seventies,male_masculine,-450.0406,63.439953,-6.460527,29.135649,1.3838819,-1.1860124,0.90614474,-0.3274449,0.7776519,-1.543646,0.12098949,-0.30441234,3.4407852,-1.2317765,-0.49161348,0.50898135,-0.37225342,3.648148,-1.1149136,-4.1565733,-1.5598421,-1.3161238,0.2645692,-1.097596,-2.7956767,0.3871278,-0.9103041,-0.3493913,-0.6747965,-1.6811583,1.076871,-1.3773428,-0.22428773,0.38764507,-1.0875943,0.9863569,-0.7007296,-0.5985508,1.1165593,-0.12955853
common_voice_fr_20306207.mp3,Une coiffeuse s'est récemment installée dans un bâtiment appartenant à la commune.,seventies,male_masculine,-347.17636,125.81995,-2.3163028,42.69999,-6.9629755,-7.6433063,6.2659297,4.643491,-2.111028,-10.570577,-2.1937768,1.7395259,-1.656431,-5.245816,1.5533042,-3.7063906,0.29446167,3.3500814,-5.0784464,-4.375437,-4.9549184,-2.4913006,-1.2019919,-1.2024094,-6.865872,-3.3760579,1.1188033,-4.0813065,0.16041887,-3.129294,-3.2469602,1.2293321,-0.7225881,-0.9842707,-0.77166975,1.079208,-0.9417225,0.01811873,1.8762215,-1.9295106
common_voice_fr_19510239.mp3,"Elle se situe au milieu de l'île d'Antigua, à de la capitale, Saint John's.",sixties,female_feminine,-540.76697,85.22782,3.2614064,26.242268,19.213707,-6.1205516,2.635908,-6.281652,-12.182418,0.7540094,-5.3741527,-8.116047,-0.18477936,-4.6796584,-5.5723577,-2.2235472,-3.3036351,-1.0834237,-3.5474918,-5.4573255,1.3362721,-0.29499346,-5.8189554,-2.9730408,-2.036392,-2.7868435,-1.8714519,-3.1067562,-1.3715972,0.8186366,-2.4109285,-3.5423954,-0.9465036,-0.7349486,-2.7514925,-3.6854944,-1.810906,-0.5352689,-2.2512136,-2.1650012
common_voice_fr_19510241.mp3,La Pijma est navigable sur à partir de son embouchure.,sixties,female_feminine,-534.0268,90.4088,-8.033085,26.7963,24.94129,-7.6500816,0.61081743,-6.639564,-12.941034,-0.4214208,-7.6859164,-8.750763,1.0752195,-4.839341,-5.230362,-1.2148325,-4.672892,-2.3922777,-2.9640439,-5.463099,0.12467015,-1.9862782,-6.762434,-1.5515966,-0.43138337,-4.3181715,-4.100876,-2.1501641,-0.5762332,-2.2173193,-3.9298966,-1.0550207,-0.9754251,-3.1896994,-1.8995793,-1.7988358,-2.3282535,-0.8262482,-0.48091024,0.0069865515
common_voice_fr_17848114.mp3,Je priai donc Ned de me laisser réfléchir avant d'agir.,sixties,female_feminine,-343.09137,121.38453,-27.054535,37.11701,26.882101,-26.157394,-8.475998,-18.102436,-20.357382,0.65983534,-12.772615,-9.657656,-1.0977596,-17.205187,-8.167754,2.6044025,-5.264443,-2.5774434,-6.0645733,-8.349275,0.94497806,-3.8107164,-6.870372,-2.728392,-6.813057,-4.042291,-2.5147188,-7.6163535,-2.289555,-2.1151037,-6.8658814,-1.3286266,-2.1458402,-5.217059,0.40081015,1.1413277,1.5630714,4.060824,0.91221356,2.0306463
common_voice_fr_17848115.mp3,À quelle distance est-il ?,sixties,female_feminine,-436.7441,74.93905,-9.413841,23.066832,14.484277,-8.776931,-1.3606782,-15.406198,-11.3464985,2.9170504,-10.732965,-9.463392,-3.4048662,-9.069031,-0.9655555,0.71380246,-4.875722,-1.1351842,-3.936343,-4.493045,-0.9615431,-6.3848143,-5.063796,-1.7057462,-6.2794504,-4.6695833,-2.8245337,-4.0153785,-0.07526907,0.63084584,0.13125838,3.4069936,2.6653028,1.1554943,2.0317662,1.6772107,0.8211548,-1.4759203,-2.189315,0.33285546
common_voice_fr_19645830.mp3,Il a été acteur dans quelques films.,sixties,female_feminine,-443.0775,83.42703,-10.38443,-0.33828998,17.309357,0.45905656,-1.5688094,4.781737,-1.5140039,-5.776312,-2.9619546,1.3612684,-0.08179633,-2.6670089,-3.8229911,-7.198236,-3.469808,0.86328167,-4.076745,-5.247939,-1.5910335,-4.1758947,-4.4681425,-0.18699405,-1.1171916,-2.842905,-2.7354355,-1.3029255,1.1522685,-2.1278317,-2.1453166,3.3518083,1.4928339,-1.40832,-0.06666286,-0.8763971,-0.8252507,0.58687514,-2.0315506,-0.45998672
common_voice_fr_19645848.mp3,Le village est relié à Trèves par la route et par la voie ferrée.,sixties,female_feminine,-336.814,133.51932,-5.2607565,-7.91674,14.075608,-6.686592,-9.8679285,1.4529396,-4.978017,-11.605869,-6.962688,-1.7394818,-1.853204,-4.9516134,-10.147437,-13.221914,-6.4652205,-1.4764616,-8.027603,-9.683958,-3.1862082,-4.9196634,-7.728278,-2.1034079,-0.80228376,-5.212632,-4.6020722,1.382977,4.0291743,0.56508917,0.8008433,4.5409327,1.521775,-1.8025513,1.3424108,3.292658,2.7600346,1.5762336,-2.0142848,-3.164684
common_voice_fr_19597727.mp3,Les producteurs peuvent écouler leurs produits au marché local sur une base hebdomadaire.,sixties,female_feminine,-484.0439,93.589096,20.800535,35.847176,-7.912179,26.105635,-10.401519,-1.7383481,1.4046783,-8.513378,-0.9693105,-1.6516907,4.4762216,-4.060528,-0.17855148,-3.5283456,-3.6466556,2.4470396,-6.0357723,-6.0898256,7.210053,1.4738896,-0.116575465,-0.84853065,-1.2670766,7.5921855,0.730084,-0.73792213,2.8131137,1.7262356,-3.4492686,-2.3885167,-2.4614387,-1.9930092,1.6063349,-2.3182466,-0.03559083,-0.121955924,-1.5039474,2.002094
common_voice_fr_19597728.mp3,Le jus est épuré et bu tout de suite.,sixties,female_feminine,-514.22046,65.849045,12.818002,45.43443,8.831322,33.704235,-9.552549,-2.1380093,1.7600906,-2.531031,2.0041676,-1.3170433,4.011567,-3.8189616,3.7693014,-2.359612,-6.125588,1.543686,-1.8364722,-5.474362,5.6303644,-0.05339258,-0.8738151,4.5815015,-1.5589509,6.8130217,3.7033348,-0.1963501,2.810052,0.97705436,-1.8775598,-2.791399,-2.3936915,-1.3855193,-0.042276427,-2.477317,-2.1767383,0.2357712,-0.79458874,0.058386143
common_voice_fr_19597729.mp3,Le jeu est composé de plusieurs missions.,sixties,female_feminine,-501.95337,62.309933,17.035135,44.53134,-0.119412124,27.510284,-2.5078583,0.6510718,1.6131052,0.24410334,0.9217455,-1.7597277,6.935135,-2.0508037,2.7970228,-0.7826083,-3.2755446,1.3174247,-3.074149,-5.7424026,5.9669485,-0.4074429,-0.84325707,2.4434507,-2.6049516,5.856636,0.07211732,-0.9686997,0.36049655,-0.98151106,-3.0406988,-2.9908285,-1.8101765,-1.0785414,3.4138749,-1.0942016,-1.3161346,1.1829523,0.7166927,-0.04212282
common_voice_fr_19597730.mp3,À l'origine le phare était équipé d'une lentille de Fresnel de cinquième ordre.,sixties,female_feminine,-477.0313,89.338036,17.893715,40.13265,-2.2362213,27.670004,-13.574416,-1.6374944,1.017078,-4.6001244,-1.3397138,-4.3000417,3.4499679,-6.2287474,0.059651285,-2.2252316,-3.9947672,1.7643532,-3.8100493,-6.877049,7.4342613,-0.21010798,0.11588071,2.9576242,-2.1952958,7.8089857,-0.1200581,-0.7445501,3.1301632,1.0848606,-3.539214,-3.193238,-3.1247249,-3.4491434,1.0879804,-2.4213371,-0.8646995,0.21088171,-0.21195394,1.8061389
common_voice_fr_17309229.mp3,"Les générations nouvelles ne l'ont point vu subir, captif, les outrages des écoliers.",sixties,male_masculine,-196.63756,130.98967,3.3266456,27.710848,-5.437288,26.122028,-4.9297943,18.570208,-0.2857509,10.730047,2.3630402,-2.2598221,6.657036,-2.2318573,1.1981565,-6.390861,0.6901268,-3.6365657,5.763723,-1.8794358,5.4376936,2.2556605,0.29450375,3.6710148,-3.7519612,0.8661209,-2.3095355,1.2364068,-1.4767268,2.5343642,-0.383021,2.366742,0.9106615,0.27389717,1.2688674,-3.8324466,0.74640137,-1.047967,1.5238552,1.6863896
common_voice_fr_19962610.mp3,Le système des clans en Somalie est patrilinéaire et exogame.,sixties,male_masculine,-796.5146,118.225494,-4.0724854,49.55126,7.1568923,9.1988945,7.542346,3.8715887,-8.953542,9.49147,-9.081402,7.279199,-1.1052096,-4.1958756,2.9243276,-2.2141135,0.29705122,-1.6966875,-1.1479311,-4.187595,4.711577,-3.9547267,5.0332584,-4.1735477,0.7493097,-0.24390806,-0.643244,0.6049692,-1.5165415,0.45883936,-2.358949,2.7183092,-3.4294856,3.136273,-3.534585,3.0854912,-0.5915928,1.2982516,-0.049310073,-1.6107885
common_voice_fr_19446038.mp3,Située au bout de la vallée du Rébenty dans le pays de Sault.,sixties,male_masculine,-457.05377,95.64008,20.338615,12.751304,19.92693,19.03564,8.743501,-7.0755615,-18.66509,-12.112855,-4.9416966,-4.7572045,-4.2836056,-7.9645185,-10.201819,-7.7028213,-6.4026666,-4.002751,1.6955062,0.71767616,-4.087538,-2.6508925,2.4857163,1.0615915,-4.1433063,-2.850389,0.79974264,-1.536776,-4.959902,-3.7052693,-2.6750033,-3.8563008,-5.863221,-5.7998533,-3.3119738,-2.1440244,-3.8879225,-4.9573226,-3.1242993,-1.5458704
common_voice_fr_19446040.mp3,"La population était nombreuse, avec les constructions et les commerces qui en découlaient.",sixties,male_masculine,-503.01782,115.962845,23.600355,18.053787,19.169153,20.441938,8.3915415,-4.77779,-23.034021,-12.758364,2.1476028,-5.469521,-3.4829047,-10.443232,-17.025013,-9.585797,-5.8958254,-5.600994,-4.03925,-3.8504934,-1.5765145,-0.7690985,-0.8827748,-1.223753,-6.749654,-3.9156923,1.1295766,-3.8917933,-6.0465193,-3.1021283,-2.0335991,-2.5551484,-3.3675034,-4.344153,-3.5606518,-2.4951928,-3.627983,-3.7997944,-2.399196,-1.2649634
common_voice_fr_17815862.mp3,Il y a des gens qui ont des noms prédestinés !,sixties,male_masculine,-647.4635,71.77175,7.633237,20.04999,19.449377,20.869385,3.5305767,-2.5634649,4.6353474,7.0239334,0.7274055,-3.6973488,-3.7817729,-0.28224018,-2.626366,-6.5680947,-1.8053575,-0.9284327,-2.7117243,-3.805653,-2.1397696,-2.279828,-0.7528763,-1.817914,-2.2948248,-2.4073513,-2.8611567,-3.030497,-4.75233,-2.7561188,-3.3145916,-3.1032684,-4.751732,-2.3105354,-1.1852589,-4.832337,-3.8839414,-2.9794006,-2.625517,-3.424237
common_voice_fr_17815863.mp3,"Le « C » de compenser suscite plutôt des inquiétudes, et à juste titre.",sixties,male_masculine,-603.76605,73.77253,6.4270654,30.518337,21.216494,25.25879,5.0600243,-3.9214559,-1.0950576,4.837882,2.3241,-4.254657,-8.0563345,-1.598031,-3.569553,-11.013175,-4.0678997,0.01482887,-0.15927841,-7.2407365,-3.8050203,-1.7219788,0.9318766,-0.16513012,-3.4985335,-1.3464231,-1.3773068,-2.1243892,-4.4318366,-3.8111124,-3.6082275,-0.6867167,-6.286459,-2.571701,1.1778231,-4.1104593,-4.633906,-3.994577,-0.90347457,-5.1949296
common_voice_fr_19938960.mp3,C'est une gare de bifurcation avec la ligne d'Aubagne à La Barque.,sixties,male_masculine,-387.9829,107.88558,-3.25429,4.8805995,19.366693,2.8121367,4.714274,5.955979,-4.259796,-9.118119,-7.693987,-3.1981676,-4.5054812,-8.474992,-6.115159,-5.1720724,-5.503712,-1.1767346,-2.4154608,-6.829178,-4.0982428,-0.94864315,0.30919746,-1.0003098,-6.300759,-3.941994,3.8491518,0.6486558,-4.329741,-1.9028354,-1.3940629,-3.0257406,-2.5005178,-1.4969782,-1.464596,-1.5046861,-1.8047763,-2.0759587,-1.7509481,-0.64307266
common_voice_fr_19938975.mp3,"Elle ouvre un atelier et une boutique, quai de Valmy à Paris.",sixties,male_masculine,-347.37772,143.32793,-2.3805702,5.8776445,31.714827,9.789162,5.806181,9.5076065,-2.1006656,-12.366942,-11.360244,-3.7951224,-9.697329,-19.754644,-12.578576,-4.196545,-5.4912605,-4.304505,-5.771274,-8.159204,-2.4829478,-0.42762065,-2.5489671,-3.2375557,-5.0295515,-2.514686,4.7679563,1.7183019,-5.6714854,-4.3006344,-1.1176797,-1.5057423,-2.4989998,-3.1001391,-4.1664934,-2.511451,-1.2694962,-2.3131647,-2.2463946,-0.74078923
common_voice_fr_32084036.mp3,"Son père, Earl Dixon, faisait du théâtre.",sixties,male_masculine,-59.25701,122.00394,-41.320717,53.878387,-35.819176,32.74587,-19.467447,22.798481,-15.946846,7.6421304,-3.1170514,0.32648176,0.22990277,-9.206998,7.0738597,-12.611133,6.387586,-13.294392,5.635685,-13.384016,-0.5625434,-3.4168894,-5.8178287,2.4928682,-4.302045,3.081618,-4.447777,5.1467004,-6.8977003,3.754465,-4.3820086,1.6217157,0.27556384,-2.3246403,0.47173706,-3.9584982,0.316801,-3.7610524,0.5797638,-4.8597355
common_voice_fr_32084039.mp3,Le jeu a reçu un accueil mitigé.,sixties,male_masculine,-80.40625,113.70568,-36.634594,50.18585,-28.665524,32.77441,-21.769222,19.353796,-9.908407,6.4454823,-5.5566416,-3.1608262,-1.4547437,-8.538098,5.0122113,-13.586067,6.160201,-12.485668,4.759214,-9.212999,-1.082966,-3.1831107,-3.6206865,2.7532167,-4.0616307,3.345192,-4.43655,4.764199,-5.0634947,2.7311103,-3.2613435,1.0986623,0.0009901423,-0.50621796,0.71366525,-3.1137757,0.51012516,-3.8107135,1.3136247,-4.8974986
